-0.1540186514711904,-1.038124177368313
-0.35466466747563463,-0.7520567983217447
0.5347089340463383,-0.23657936373309552
-0.09617620555765877,1.3980767560917038
0.9955530960937439,-1.1837486251546363
-0.4147344758641799,-0.3503175072188179
0.09391782564779928,1.123580193881818
-0.06417170542251541,-1.0223967164749566
-1.7397887363109454,0.039288938325545426
-0.018972652645381425,-1.1013017670066847
1.4918076711371753,-0.7337646399348082
-1.2943194187148868,1.070357345092894
-1.312860986160405,1.1053275107490457
-0.1413346352797072,-1.1778658603919339
-1.1927753739499527,1.4368128620776344
-1.1841652976029384,1.4361923048752632
-0.44156336895139137,-0.25060929907998625
0.7658586651367654,-1.6233913383480538
-1.6716111066992592,-0.3080598803228774
-0.6255876219326855,0.5688992052822794
-1.444016354778123,0.8758265319022045
0.22364462576324728,0.9922705719280367
-1.4965940488833336,0.6067939206803777
-0.8413334542431584,1.461545148616052
-1.4018513494296274,0.8291284432047656
1.024622042682551,-1.1671272511149338
1.6732282553816384,0.4118174621438179
0.17584962789864536,0.7364831099231023
-0.6501856271595827,1.5695078258065749
-0.9799201460732154,1.4137184201895385
1.783494844125142,0.4615248268427767
0.6820811654392409,-1.476180265115522
-0.5894073773496922,-0.034041521333075815
0.058300995549127654,1.315277177699256
-0.20213256430104248,1.2967622883914238
0.463878644654405,-1.5726448650533793
1.628368558941528,-0.010940270737257693
1.3639838857111137,-0.8328883684429964
0.6024426327358182,-0.06717816916709934
-0.9053667509140149,1.4346196179330006
1.5590583546507233,-0.47606580256493164
0.7990969708246813,-1.5472557257257844
-0.5917895078729176,1.575630032866561
1.6599961077316456,-0.24901125653286743
0.7694768618161141,-1.420488439256812
1.3009813647709745,-1.181317497151893
-1.6619213327170528,-0.21242301031808078
1.4364948773887019,-0.5557235174440079
1.366194921983649,-1.3428846623415769
0.2524494299130231,-1.231034678150841
1.340789264100331,-0.7860188149358128
0.4495973722821658,-1.3710745485916118
0.5311212083928963,-1.6888932515794879
0.9672002823144508,-1.4997026969801452
0.4580123369478183,-0.09798227708161818
1.6043198346919718,0.17689529268598397
-0.5959719693145543,1.5827910927232365
1.1776266002190154,-1.1495900219292075
-0.2904366538414429,-0.4537603110132202
-0.45241516137949406,1.4024954004358112
1.6455708141539545,-0.32930502847445164
0.12452721861831564,-1.4560677499759762
-0.46739978674861965,1.6662308036087246
-1.0445164093878985,1.4063584954316093
-0.49144056450356866,1.4080944093340038
0.2701905875627305,0.9587884126975219
-0.4531975535005173,-0.0014332716600442253
-0.32458549242896534,1.5529412794765032
0.9189794962721766,-1.5136752518195626
0.1008235393133536,1.0683482243323166
0.4885296528413409,0.3468784963186382
0.45185555593905413,0.04997664210743334
-0.8697614780510449,1.4672885869361934
0.5038986183417066,0.48412340332070397
-0.1420571627114279,1.375444192073863
-0.23808031072856195,-0.8640664676534673
-0.3952024258883621,1.4945841529588375
1.1032521808419018,-1.047806131037546
0.36854627850934407,0.3568188490159697
0.20150650558253205,-1.2165677552366405
1.6347167113351335,0.2605443122135446
1.2141931720258965,-1.1277554829552834
1.6560404486919964,-0.04500273929680101
0.9455106332895054,-1.4842812147361137
-0.28559123467330955,-0.9577754198317687
0.5819812945130437,-0.40975219906459764
0.19012163616446617,0.8866300540853012
1.2378282094651347,-1.25607810371195
0.4016924346513637,0.6507187187112796
-0.7132885744798787,0.3317869253626376
-1.3687917604728392,0.9429752425620518
-1.5270690293837146,0.8722701200392723
-0.5261420238980241,1.3807519422184187
-1.4484920995061839,0.5815352708480647
0.6039593614985177,-0.3233309085437193
0.020286638128824835,0.9858717647420582
0.5734525635242153,-1.5540263899843596
0.08476198127138905,-1.2690942669328455
-0.46631630063934054,-0.29506423435021295
-0.07435973758050697,1.2545376089230167
1.0308478362044837,-1.213508167805281
-1.6329852335887698,0.6474270944993332
1.7498727700012948,0.0812898586907478
-0.11926161509475762,1.5733155603969735
0.6145834851345549,0.028129699504360346
-0.013740389699084936,1.247473195490526
-0.2322872564687643,1.4601655054601488
-0.020211642223442686,-1.1873958400535691
-0.0788210053549668,-1.281266869584691
1.0978679659136625,-1.6074885058513169
-0.15642302094643387,-1.1612244972538752
-0.39016044578105025,-0.7351334698382656
-1.6092265509253474,0.20790030446168384
-1.5828576792694258,0.5810892578866959
-0.49315134102361025,-0.12470039334123559
-1.4759111797994402,0.5188753788741932
0.38118368557661714,-1.7085896950728552
-0.8042857842304908,1.630286210287682
0.29070899565860375,-1.7350202151034695
1.1970156699610148,-1.1782560992608067
0.6678158964383512,0.09734701189810285
-0.41860013650631156,-0.5337010400913703
-1.630250121076866,0.26768150204114366
-1.6012391805709478,0.4359671051168348
0.23432994297468496,0.9943133590142462
0.63020839204756,-1.4095403022394797
-1.67291152767056,-0.24399625696920596
1.2008386419452648,-1.2919089508618153
0.5245804875027966,-0.39061508365876924
0.7505754531518948,-1.368167740908939
1.6914080341868207,0.1975911331030522
1.7038599792936195,-0.0572020628247043
0.9913590517661819,-1.297187204965028
-0.07684229812194215,1.1948660365100627
-1.8056274562172494,-0.35044405871180206
0.6520097682852368,-1.3526553030807522
1.4261853645543272,-0.5879454835112168
0.5695678136118681,0.05300506203576591
0.1964442589800593,1.0614928829884311
1.6153129342392358,-0.34828924032780273
-0.02406395528576599,1.2300617831239102
1.7138006495443738,0.14174214147030956
0.503890732984512,0.2937737991480598
-1.4207753593559567,1.0870031816718841
-0.5488907288402821,0.01801473326493987
0.6922185384789302,-1.3078398663809025
1.0515519360233534,-1.472946750352272
1.5515562536811451,-0.7047867258562567
-1.5814569085246057,0.36383529724190167
-0.48658844074872565,1.3928360041350505
-0.8346450732843483,1.3705412307696863
-0.1221326506339872,1.4110611901009822
0.6426047902716608,-1.4739608719327781
0.5738587115541929,-0.6111616947036251
-1.1856069098490272,1.0312499677073854
0.9814716881313319,-1.232807552179108
-0.6091805328689457,-0.07186711579890906
0.18374212147126154,0.9425134511999403
-1.0371969046561862,1.3036355269671043
-0.7701248225547557,1.3388979946504835
1.6732132186657394,-0.03267167927913412
-1.485708889026657,0.9650575356024786
-1.6818271272569179,0.5428131194406279
-0.8500819384118027,1.5082538221980437
-1.3516788514131957,0.9760407847811882
1.6559409372784446,0.04567910787508099
1.2333465978709581,-1.137483228651054
1.6417369099203893,-0.5248861731427904
-0.33343437317551194,-0.7869359742142846
0.16322428138095815,0.8862792416726927
0.025059103917266706,1.2463463249092588
0.6844528757304584,-1.4146944170441678
0.45098516419006274,-1.5322489427706958
0.09329445209433522,-1.0851875475182498
1.6129449244804828,-0.5171837336068379
1.0278617563737262,-1.2571919883627765
-1.530094231031262,0.11054107057095301
-1.4637444485558195,0.5896666590049245
1.634490101764737,-0.22325797334759195
1.054035334570389,-1.4884933351346237
-1.4970963793191885,0.6262008549467463
-0.32291944043496473,1.571030093676246
-1.2296719455651068,1.0812685980901275
-0.4866944076965284,0.14873267452582403
0.5317007849026829,-0.10241576654501548
-0.48080424433800145,-0.303215529361222
0.14449879279419972,-1.3567696495983896
0.2500016651962354,1.1415528349106896
0.1275549072146292,1.0621317183951466
0.7737367249490887,-1.456322052397697
0.528854191683706,-1.3789731314317006
0.48027024109802596,-0.1734212388092707
1.6194716420591302,-0.27509716690987124
0.43597747363296635,-1.4628803887008672
-0.6146917472285627,-0.1512856213993008
-1.6596920212885868,-0.5063222445718853
0.14399915930782387,0.8419803534381237
1.7386749909974195,-0.03226595964647527
0.7367987490806188,-1.5279414911529652
-0.6484030559589509,0.0936695539033749
-0.6357563477245387,0.4236860818636705
-0.07493606729317719,1.5095650920675925
-0.2738991938641264,1.5393761220644588
-1.606568802889337,0.3153857579011178
-0.13923364111993872,1.2096711331910994
-1.641522401564835,0.7480982171881646
0.06634577167472651,1.1194464474120076
-0.2927253574929245,-0.7395384844885953
1.4378277049512787,-0.8026017647150525
0.8961782758085796,-1.6015114623705016
-0.3767307501624375,1.6163320208202634
-1.7508596717148557,0.15710589238914296
-0.9684323249054676,1.3944871829466894
-0.30075183821765494,1.4164819899445185
-0.5616782442764001,0.3652319800975779
-1.7646909448660042,-0.09012511196277755
0.7415478637949651,-1.6472942072945194
0.32759584895014116,0.6072805923667444
-1.188906220011477,1.142528518537336
-0.4892432893299738,1.6424934957219892
-1.7491995933305124,0.13094633002878756
-0.6045813064168482,0.1956795639020706
0.4930373984741431,0.4711889769883135
0.5939702492295275,-0.30638406416638575
1.071050124053171,-1.2854511756218507
1.4638990305624182,-0.6332538318438738
0.32744346544942443,-1.2145766055052958
0.4428067654691647,0.33380783925837504
1.3358628926817155,-0.9222800637897723
-0.6556602910015665,1.6094654545997598
0.9551543283443972,-1.462807729978336
-1.2431778355242735,1.2322995898570495
0.8212925192359237,-1.4046978912115817
0.31394953760609196,0.7652562646618254
-0.5799516457956048,1.4531742207469929
0.43261221376730835,0.662954035169494
0.25440752655895704,-1.5034122577505304
0.04117898088948535,1.19107811120215
0.3602220936359903,0.6898872347584152
-0.6660884822469173,1.5431887983389232
-0.21383552484264498,1.3574725567502193
0.46579612533731624,0.18371503207206447
-0.9381855571473517,1.3880743922703604
0.19174434849980376,-1.3652119073112607
-1.6831472658867623,-0.28790286526866515
0.8950954915123776,-1.5163576324319539
-1.5045680385620754,0.829319662852018
0.10542088528295064,1.3533542693532201
0.6989357100811785,-1.4917696973078842
-0.5853221492839926,0.4033764167457411
1.7413446815350768,0.08569443358761662
-0.35572976797666733,-0.7723480028344809
-0.22385466412690144,-1.2223894698628897
-0.5883021040114936,-0.1255007343592235
-0.6339650385668206,0.19328761516321824
-0.5303467078745915,1.5153043793505885
1.4745131278577677,-0.35478770707813534
0.16237071555074167,1.0006393779685097
1.4729998978547205,-0.8544163126879444
-1.6438432506291722,0.07157491752991861
0.26337969489091534,1.060978542959325
0.5985059085525202,-1.5992101829460148
-0.2857983364339764,1.4449429045118614
-0.34066991325425916,-0.8104090913822882
-1.0306889499401732,1.2402183317268394
1.7334078231967058,0.35932587902819474
-0.08791481986114799,1.3571016276309196
1.1443863889004975,-1.2089325850630082
-1.687121788945243,-0.3048487441531066
-0.3608881634033786,-0.2917580416064271
-1.5302848438976548,0.5701737540056588
0.3630707658450957,-1.601085811574447
0.5182490350047572,0.34289995323308947
0.5203998071115344,-0.25427830605324026
-0.9464983898624436,1.4203649623311445
1.2809295774063574,-1.1315329637738494
0.3945265005638589,0.486171503636971
-0.5719336182393829,-0.29439388103210457
0.38309596499310516,-1.4367767900747972
-0.6896711014557144,1.5304708408391654
-0.33840343276352564,-0.8575241397262621
1.7473933966598814,0.001553900260063229
0.5441253470903868,-0.3055190262449338
-0.4331632625508633,1.3747925700675798
-1.4474744913451838,0.6075578000652733
1.2438067150565906,-0.9136542636635551
1.7018580872820217,-0.00699669239280121
-1.617389959759433,0.45320490515630035
-1.2818390548938499,1.1154401869467825
1.260985924247624,-1.2733800570348286
1.634133094779817,-0.018328042599962208
-0.17824262113946382,-1.1328407767529964
0.28499361480008445,-1.5858182585460139
-1.6779609984427866,-0.3471596436870384
0.35640291478216174,0.3972588480996497
-0.14696134125621207,-0.9752082661415302
0.5856954232970925,-1.5827011675978901
-1.4951281736075825,0.3839577211089143
1.3447522283011237,-1.0033114550326065
0.2556302136731852,-1.2826424131716772
0.20070089169628985,0.9102838302594524
0.6342922059264289,-1.584846939917435
-1.1378089479682991,1.3589765224102723
-0.4260328589079049,1.4836614227971565
1.3674735560053335,-1.0052328235983141
-0.19429770666580656,1.3560462224659044
1.4257367240726744,-0.9426926745111152
1.716888252298025,-0.2625361704294014
0.19568396605791585,1.045643412497472
1.6440998386344299,-0.17267183888483684
0.21552319394171163,-1.4682012049352533
1.6796188200329936,-0.26409717088269347
-0.23226221014282722,-1.0434093122971093
0.08690831679969166,-1.6237303381116668
1.6505653628423076,-0.4208647439454089
0.35787730999400125,-1.4574820165295341
0.7930025538942971,-1.3985390990474518
1.2473232089788062,-1.1334816212283327
1.6659058929964188,-0.055092039179915106
-1.0571190472617187,1.3951487847939958
0.3792783481427831,-1.5628047227795727
-0.8510008736746022,1.3748433254409291
1.6800690494460477,-0.38236790493153633
-1.5887851913349447,0.3809015136738681
0.49461204919883034,0.38029823015205205
0.6320224002976765,-1.4431706254083
0.4741835355834414,0.16328268259049517
0.7829536536481084,-1.4238404901771693
1.8137518018739451,0.35088717334226366
-1.0342926884307515,1.3472892037054685
-1.7350277999893624,0.14131284488298965
-1.6593845344586036,0.015293326256220019
1.1392189230722307,-1.4455557474330194
0.2853327772555875,-1.3935589274830635
-0.2502257914519283,1.518606020140804
0.2311894126953726,0.8853784504169147
-0.682051076119814,1.3073998385036516
-0.5205985557742332,0.19186476622973048
-0.5593340731254236,0.46580750915366054
1.7030053114488317,0.12504345902938546
-0.9729317721478005,1.580891059548921
-1.628863753190585,0.011596097442780262
-1.076767179593104,1.4459745038581377
0.3070864606473041,0.9025382416851685
0.43924405657247256,-1.6319069808837305
1.6052594694268258,-0.3681384496697944
0.5813739912281075,-1.55045495904689
0.9113669716208174,-1.2773456493031135
-1.2081573816272464,1.1990783714203184
-1.369380171196815,0.9087241598124116
-0.31600255669324073,1.5182763722448378
-1.1770602462644533,1.1550409116805151
1.3853056353369837,-0.9267141512520354
1.633077437191349,-0.41344511238622583
-1.015890171400876,1.3555211573068149
1.480338682704755,-0.911796798620537
-1.6635934967551977,-0.5879705583162357
0.6079429006174146,-0.2755637657905198
0.159167678037014,0.98895563757729
-0.1520429964399383,1.3703527317110942
1.638626717903807,0.018494519680571656
-1.719050429730019,-0.31997157184026814
-0.023944003536706605,-1.2081163860147979
-0.388250657940423,-0.44314155517210796
-0.36001304927041433,-0.3052234445943419
0.4285340397889289,-1.5944880808517523
0.7494186425195448,-1.4187784940823285
1.3882142962150394,-0.6907453144943557
-1.5972945532929597,0.265192602102665
0.13712178543395664,1.1233633663084508
-1.7245392646658455,-0.2958802190572311
-0.5960727918391492,-0.2336429062666617
0.5826378183204363,-0.3503199652667474
-0.44052582167545234,-0.5349238816546017
-1.71538423040356,-0.465234449991193
0.4528179691996769,0.47150408746710426
1.6156092959611816,0.14294054381930926
1.6507296165058412,0.41883622067204096
1.7307506729579922,-0.1855994309710232
-0.4101729145858525,-0.6870561996921836
0.635183234207673,-0.17581006122646964
1.696328405498537,0.002385159113679726
0.5252662229033197,-0.12757982989470062
1.4927873613485894,-0.45583629698337946
1.4445641362784116,-0.8227330776677396
-0.9521943651702064,1.3799535767988915
1.5877886562053802,-0.19309650938078435
1.4904846944997634,-0.6837334729139006
-1.7607805710107431,-0.021161581377788664
0.4525708990986111,-0.1558347500968335
-0.8516233062274127,1.279729881799764
-0.3483956451475699,1.5340511946573325
-1.6614489890960733,0.3652187889152036
1.4820678309952937,-1.0033141204485672
0.2310943363002108,-1.4081682769032506
-1.1478902860095954,1.4118301330095138
-0.5885268057985114,0.4640795298705472
0.37669261045306784,0.7519432336944818
1.607521388515728,-0.27819016359754467
-0.596108973005095,0.40237775032698847
1.4762898110406626,-0.7710777952536186
-1.079513777061817,1.3546012033306025
-0.9971200278534502,1.3915828309710276
-0.3142017145946324,-1.0965760555269293
0.5704312654216485,-1.6362325682561096
-1.088870843881574,1.2064314045537436
-1.610297657943544,0.6172966039704121
-1.5246086505875482,0.46953090176867823
0.020572885007215744,-1.1189525788398254
1.6125932919968304,0.38246842183906915
-0.48205147470776066,1.5875243653010174
1.7014148753407272,0.15010968707781305
0.06528107720849351,1.0381512484310165
1.7566442299885543,0.4769469241369671
-0.5577090402403088,-0.15976268820894265
-1.7346600656524302,-0.1280769159469017
-0.17348275282158723,-0.9030125738140207
-1.575721179714564,0.6596573747780861
0.768948278420715,-1.2181830828280948
1.2560575505407872,-0.8301085273583899
-1.6225689382952462,0.5726501113167621
-0.6400235937242805,0.41546890295336397
0.5256224245025167,-0.20269088257647572
-0.28492641733908675,1.4745616462887319
1.3664974157581111,-0.9848906396305684
0.5869674377590893,-0.2134759861152074
-0.18953886239185497,1.3223200365977417
0.4264862031194245,-1.4260525669225503
1.5524723754906493,-0.337028018306871
0.4004789560806158,0.7024996791209818
-1.696212627763633,-0.35389635247102824
-0.6459086131218904,1.5493927641946732
-0.38700795628713036,1.5476868140542444
-1.5853799862496156,0.43910236561165716
0.9506480433402036,-1.5388721163827659
0.2230488130983036,0.9818565935380092
1.0066370351392873,-1.4214003367978805
0.01699060299887342,1.187296413927399
1.8494232574427365,0.4770299015630543
0.5248842374280196,0.3282196052150032
-1.0120932814674857,1.4065243228607192
0.645443949095665,-0.4893978233288626
-0.27477099927309284,-0.895728714583295
-0.13971289302472464,1.5557821648078893
0.5232821851906971,-1.5347609388476837
0.34127095283783254,0.7149051014400524
0.2369317005954456,1.007662666072186
0.15264108699317513,1.3887057761008688
-1.7094536305787782,0.043859748392101515
-1.6213325053193137,-0.13147815725045428
-0.5656917197689316,0.5366960111839084
-0.10042210022347786,1.3585125893849517
-0.6365718507746935,1.5758389126230388
0.3870880191418112,0.010861198190766646
0.053124068220367346,-1.2728886564592063
-1.3802946912465175,0.9707091104871968
-0.01127235786478914,1.2386480298491478
-1.510923453965196,0.8183659379930863
-1.0521094855081004,1.0641445111836663
-0.8465713521695184,1.387190436536008
0.33909693097281324,-1.5669599243850956
1.6572655085693746,0.06848948494750202
-1.5593476240268527,0.48612310897068534
-1.5555561753336855,0.35053611287984476
0.039829345790658444,1.304419603778316
-1.5420526429809187,0.5122383749734324
-1.4496235993324167,0.8712721034235519
0.030504247461967914,1.2451502146440763
0.7515391174407642,-1.5536306352241576
1.425088006948716,-0.9603616606221436
0.158878806030886,1.0771198245641982
1.5566906549481903,-0.6625509080242504
1.7271976060266574,0.40695000790353686
1.394979487905737,-0.8100207572607317
1.2338720095036668,-0.8325315665192908
1.494199176107102,-0.817174049384124
1.5711785246224312,-0.4954185379187724
1.7234531756613938,-0.11372411236674289
1.5936896282315873,-0.44489589026340576
-0.331673988589122,1.3977610576074733
0.567180269727235,-1.3837082624692636
-0.0522785806651219,-1.2212175021910752
0.394671934943339,-1.3539562428580676
-0.4145722121577378,-0.8622250557595992
1.692626854469695,-0.32819955296839676
-0.820756480205853,1.4634373708166344
-0.3510125498754701,-0.4995600840627045
-0.8277251812989916,1.4009027159319671
-0.34134977145503337,-0.8330733740136517
0.27898049763844046,0.8271224604141241
-1.5585654227392167,0.405173052580999
0.5111203688151151,-0.3288684643986355
0.5171864187707953,-0.49321998290925906
1.1525837657726519,-1.1985286249832001
0.1380910964959904,0.720718442137781
-0.46398637872195736,0.02333440327813433
-1.5212778506167153,0.4254646330306583
0.33138743681813826,-1.440606172639299
-0.2797212548444436,-0.7825508346168882
-1.69421752650153,-0.44104689090005667
-0.4606939952335972,1.5004139368122607
0.06255743779153809,1.2198376547946244
-0.11315342206767204,-1.1722805456151923
-0.26702630857445836,-0.6446440175447982
0.14989470132080268,-1.217963433693231
0.47753003067353467,0.28243467560883334
0.28208194170202133,0.849607118407037
-0.01999053466633508,-1.2256327499140205
-0.6694140581343689,1.5474887234425092
-1.6951258207932396,-0.37064685699703065
-1.333194026148162,0.9861097144720301
1.0358511759419535,-1.1882872714382828
-0.48256500502029637,-0.8302880255320638
-1.6507070857018888,0.13743340774657903
0.35377424184000905,0.7485475237341168
-1.7558527997125477,0.050290049780543626
1.348530482499815,-0.9310554001620219
0.1111031695365311,-1.3401097275987768
-1.777975965016232,-0.5797937738990523
1.7258495162713765,0.23578054558913777
-0.4161474196587192,-0.3657700973923966
-0.25188639500744947,-0.7648721587905276
-0.18602352219378157,1.468823764891473
1.7248742026996937,-0.06316312418816193
-0.4598930374971163,1.5573762013503833
-0.2900140249065461,1.4202818072249386
1.6642332180023978,-0.3070006747935835
-1.001281183694147,1.4298598969558256
1.7124956332868393,-0.23245158288477774
-0.9793160875539668,1.4851976586595141
1.0079731324532675,-1.1502475068928677
-0.14778841399873172,1.478333754228552
0.5516292967285494,-0.04596171927994384
0.47352709716344005,0.40877267413935847
-1.7469276818260866,-0.17749774931601683
-0.23120729772482018,1.4131555913412943
-0.9915478428809396,1.4514847254593977
-1.6564142845979417,-0.2732682826423772
0.3450763340662149,0.5157055106263427
-0.3946785974307068,-0.620047530594666
-1.6772915013856255,0.18566171040735469
1.6658189836792403,-0.18060907267305554
0.08885778516352857,-1.3586215635325967
-0.5583892823786517,0.17930293759530505
1.711614406477101,0.3698777748985868
1.731928789965566,0.494789999202865
-0.46416935368730994,-0.3592744159766262
0.5228080525921202,-1.509394301495327
-0.20992508982106728,-1.0570962261376438
-1.7113231321892712,0.044787786152845795
0.5545216838239985,-0.3541142693186795
-1.6671778647781754,0.36990388216341824
-1.2383488719288989,1.3162880489724391
-0.4015731972662953,1.5013983099144679
1.6312068168927865,0.24913702758552322
0.39810263725514994,0.5216586025379663
-0.5127955437557881,1.442859262451786
-1.5346128968503767,0.5960144157435424
0.09988225185722702,-1.535349714514897
-0.407757759908663,-0.7867233333756375
-0.20766616963906415,-1.0137264810834
-1.2735142062664362,1.006095112549852
0.12373553780529263,-1.2519036845626508
0.4168196275044165,-1.5309128915908523
-1.580928541205993,0.5276148235433781
0.4943080857175448,0.3860137144704875
1.5234653507233469,-0.8592687503904657
1.7891987687541346,0.30564911954953244
-1.209590548328747,1.2682176055521392
1.588901151941302,0.16600808227259395
-0.34026156100427607,-0.2964280850737621
0.5896612464398823,-0.4724069425369822
0.624976711402514,-1.6026942610449915
-0.44459804455194357,-0.5300508590831312
0.62799563016775,-1.5578543416193338
-0.5383610684983126,-0.28298824124772004
-0.2567673238299903,-1.1342793587885722
-1.4871279487404647,0.8931708091832726
-0.45278299338709516,-0.6291142328202369
-0.20037232087337048,-0.8832847868653168
1.5695560541616478,-0.550396969602362
0.14507855541491343,1.073966845679642
-1.608998142802275,0.4408570668602741
-1.7100630753622548,-0.4624565722621074
-0.32825061004961714,1.5195633857328181
-1.3564433799129108,1.137968543925177
-1.6947572051213535,0.04790426115850891
-0.5867434766868201,0.08060326037344519
0.0663919854952817,1.196647196205285
-0.21100173077124443,-0.9989276633495756
0.5952474257504257,0.08766079323039401
0.48953566064562176,-0.44864939211936505
-0.31869936442752844,-0.8951663729985376
-1.4412621343907326,0.7927396436375872
-0.11574410036065264,-0.8364590217044449
1.047878553302613,-1.1980916932633725
-0.5305384908281634,1.404412842378442
0.604692652783583,-0.1722206659653278
1.3689519873585598,-0.8029326565298485
0.6766281016144023,-1.3630737880587176
-0.9073705764918417,1.4215897172022813
-1.2164551800704926,0.9297999195375523
1.677858830033878,-0.2488775198973058
0.21779240667052216,0.8083422554362687
-1.6750400189302699,0.02040489441135781
-0.48737347106738277,-0.2602756524373183
-1.638720362878996,-0.4582029460334352
-0.035960982548265914,-1.105830218402834
1.309715678976808,-1.0764255048272604
-0.8051267580448226,1.628796162843888
-0.16325427233987258,-0.9167404141888151
1.5883748551391832,-0.8118199317097619
0.8806602555203933,-1.648214992718627
-0.5494624038556658,0.1425784220421077
0.6771409763099705,-1.3836512312807974
0.41020941294891716,-1.4861346648575624
1.1565330013569262,-1.0347540014186931
1.402353963417015,-0.8379407706502303
-1.2636850965657564,0.9792844531407083
-0.49680502307374325,1.502323389060074
0.5450326887642237,-1.5174709881258233
1.5140008550820034,-0.5855005707553401
0.20219682831534933,1.0025893511001438
0.9901064062294582,-1.2750984861204842
1.4939738067343218,-0.7634248030634389
-0.3563592557883964,1.4497182132238677
1.1794619522281402,-1.1409551348237197
-0.25659834060671444,1.5838656981914345
-1.3239008040506364,1.2739429981577783
-0.023736827682927637,-1.3478708351818016
0.7452449185564697,-1.6829645122578931
-1.4573156443711806,0.28467595908715754
-0.4951024340662827,-0.04992865100693256
-0.027252956769211505,-1.2851207355964582
-0.25785851865771475,1.525450326701676
-0.4240944886134153,-0.3089385024133506
0.7324712101041214,-1.546688776543638
-0.7464400861231014,1.5727056536217114
-0.4090183336618658,-0.7846497267166695
-0.5001367207608075,0.004090453826291421
-0.22886082185008075,1.3974098684949339
-0.4511336893752686,-0.5088912229755379
1.4299367335147362,-0.7377848576561414
0.08584572033233466,-1.3993457668691482
0.571814927902186,0.060903466362191926
-0.2127738361331031,1.6171931135951247
1.6010864868609695,-0.586344554155362
-0.09053399593440074,-0.8618088620846684
-1.0377446345183683,1.2569904804182463
0.39305633389826755,0.8607225451966706
-0.47135560109148944,1.512074647470995
-0.09875798136043647,-1.1078876627368865
-1.4362641366490914,0.8301474829107377
1.5535570245398318,-0.34374551612274046
-1.1649626536672366,1.1828303232050694
0.7348644064363307,-1.5149037584283858
0.4986390624269888,0.1394939571548309
-1.1813117925139112,1.0958172495684777
0.4643499162064586,0.45535809301005625
-0.5418856120084387,1.4845742629824232
-1.737079066949761,0.02870602963458063
0.22187950226023906,-1.4374528903643964
-0.29627038760811875,-0.8592449658968556
1.495826792205968,-0.5093078252947569
0.22451591390875628,0.9793158338552258
-1.6202364632494588,-0.26746421016698585
1.3668928593020897,-0.8385109018983911
0.7957299030953254,-1.4243948823481976
-0.9246244532421102,1.4171446367260387
-1.4496743921309818,1.091796916804011
-1.5514281171899311,0.8381577003515194
-0.3965306797128402,-0.5884904385230086
1.4896958350681067,-0.663916905931855
-0.8719582421632159,1.328614191584963
-0.26671921176716223,-0.7525201831976387
1.6529940353268686,0.2757810031358313
-0.15132702104115406,-0.9727965008647275
-0.6426907248088443,0.184534945268758
1.1083994045139856,-1.2712009200085732
0.4296154873892212,-1.4182134335515302
0.43014970135809344,-1.4914845383739945
-0.6685944095424977,1.52922372371334
0.014706237701692302,1.2697032016587115
0.2715772318506485,0.8780307541207141
1.2190873773024884,-1.0602360608712031
-0.04398172124249332,1.212421831395776
-1.6558548465689407,-0.009511498442342559
-1.7276073261160887,-0.2048016127505822
-0.4925775284582475,0.3037621460348302
0.2846428822862375,0.9482462112648279
-1.208065214169218,1.282893711373002
-1.495897824697793,0.751483380696193
-0.2948321582670606,-0.7267434657361498
-0.5674891904134323,-0.13956128320695046
-1.7837079806056317,0.12365134811533031
-0.0017465207074000802,0.9342815315359093
-1.0787308600626753,1.4288655976346518
-0.04235286410717849,1.2259349208861383
-1.7596111272288846,-0.12805931464506773
0.09066649054686457,1.2404735011082395
-1.5850235534665047,0.4353095665836509
-0.5146111770877217,-0.3323130929651147
-1.5471347268899116,0.20353222459345102
-1.2943315685936247,1.1195759022647587
1.6725922862982958,-0.04383033689654484
-0.7683901066424501,1.5972248309097263
1.7329062870109044,0.556822279310938
-1.0937183750907042,1.3503552215137424
0.11668204222405888,-1.0796875193828253
-0.4028891661315189,1.4843677410022136
1.0968651235086648,-1.1601834342521697
0.6300922566863979,-0.049077873215565164
-1.6121026523801436,0.387388576762393
0.5083576306253212,0.23135385823867663
-0.48649873784574604,0.38552024842285887
1.6801894430052196,0.3304924248927561
-1.543125530803496,0.5223358393821416
-0.3996093136428537,-0.4889541497262739
0.41846482718198486,0.562830402355254
1.3529278257958304,-0.6021371244408242
-0.7506875535763361,1.6120565778695983
1.8117559341632303,0.16327486117144538
0.342183630346175,-1.31154234213238
1.1133461709263166,-1.1325367242119462
-0.32824027684459034,1.6048059220940332
0.2915577673020213,0.781022066061002
-0.9016150232211897,1.1873041747773907
-0.484930940353425,-0.6506772392860333
0.3946571470100297,0.351913169967166
-0.7834599391907662,1.4265310193748368
-0.5729960085225645,0.014076963244314292
-1.832711733200405,0.0027040782841786337
-0.613483982606101,1.6907696656148747
0.7620826869411175,-1.4656027088308032
1.7633117526454323,0.1206511145011143
1.4817979348804806,-0.46417553741530476
0.44731984961734994,-0.10644792609657351
0.535133855598546,-0.09748957740378857
1.5227616822575833,-0.3891722907348654
-1.4445546079226013,0.9174047576287351
0.3412637833339536,-1.2840784123713531
0.8653968902609934,-1.443806035613754
1.4105171097296247,-1.0310844252776659
0.15108307775393837,0.8393743030367652
-0.5223494237539997,0.1315119753446868
-0.3966119763942107,-0.5927430075454295
-0.5066044520769141,-0.09249022881659638
0.449609540027576,0.38762873629470146
-1.5180271596042367,0.43270979293701345
-1.5706492723685253,0.326135842123045
1.3361221207728717,-1.0793716042378867
0.282823373713953,0.8498278620915803
1.0018525087962078,-1.2556910449536751
1.112650992125189,-1.3778610942123737
-0.47347607269449493,-0.3830483432524668
0.3321470178983496,-1.5929257510472057
-1.7242092126105557,-0.13019839919746196
0.24650024142291885,1.1403297709192501
-1.628806645649045,0.24469938413390427
-1.640179837369065,0.41952358426274994
-1.4544690059974035,0.6298163389319045
-1.2295080113091474,0.977135058869323
-1.1955326174693879,1.1487999806408369
-0.09144712057071637,1.4533744107495712
-0.34186074791404436,-0.22321480034571572
1.1217448262200806,-1.0957019514085118
-0.5573670310762164,1.6410150125339877
1.79433234743014,0.1211909475688024
-0.6626994684324721,1.3479964425030602
-0.29563894463418783,1.456751278128104
1.5865462883648007,-0.6032854058405166
1.1741901711707983,-1.3219686880815842
-0.4772463202290561,1.6190774317186345
-0.22713688526402537,-0.7869943141634216
0.6072404286468777,-1.5555435099290122
0.481621632215565,-1.4887785426980042
-0.5123598918746813,1.4347767297027667
0.2629998062403029,1.1391982676742374
-0.8376911703393671,1.5176646665986608
0.5939265933849884,0.12979547343787048
1.5822898348553696,-0.08790708339846087
-0.7876552913417623,1.5194751589562197
-1.1083797210848347,1.3007435842685757
0.7358908591236281,-1.3641975325548836
0.4929504718900654,0.33177114875107316
-1.218243413260165,1.3474303351467034
1.5530499299100953,-0.31950122346604704
0.2822220669051912,0.7704885777382242
-1.2636809319393065,0.8504726700194558
-0.11381422577087136,1.1079736150029234
-1.6890158350446445,-0.5297590934711202
-0.45108829957931995,-0.2468226473490998
0.9776011682181768,-1.5950275312652602
0.07650586172953874,1.1997337341284362
0.5049290234703012,0.118723526189502
0.5518329594502253,-1.5959810922180073
0.9816427493250478,-1.413866798913607
-1.1495351313869848,1.1731547826722548
0.8840731580716323,-1.5564824709950538
-1.7139066898891975,0.047054012443764066
0.18066950093343598,-1.3595407341697436
0.6611755629452003,-1.6752670111501187
-0.5443761360460513,-0.0452283629075742
-0.7181239059627708,1.5177466771739077
1.3899032120562727,-0.8380628431366062
-1.7096681305937091,-0.3437874001883901
1.7426835287324067,0.2787335796257667
-1.7216730983970912,-0.3238139170418771
-1.688086038856276,0.2788654602837288
0.39592863366273595,0.23728334864692768
-0.28091234138755755,-0.878500485600686
0.4731742568606917,0.16376089772550212
-0.3124707330966696,1.4239101115909145
-0.3596558630963154,-0.14777958490478404
1.796227234443091,0.3900834099486713
0.4762343959370496,-0.20950747546473927
1.4411089113117925,-0.7163829296197667
1.7291175212701515,0.0609782109554216
0.495633537417144,-0.22441309427144038
0.8933989078756995,-1.3642969301129564
-1.306101259174616,0.9807807871293824
0.729484681752024,-1.3740493115114216
-0.4758549670994822,0.08347493612007309
-0.77198360958207,1.5210651019656123
-0.0911385788618026,-1.129746420599939
-1.646080601835709,0.5882806186065266
0.6221863295212909,-0.27862277519708634
-0.32010168489240887,-0.8050123647441683
-0.5887756401456443,0.10289708623329276
0.10812811427582525,0.980466472357216
-1.4796531500288945,0.5935215374520121
-0.3160452701206712,1.4635509187227451
-1.4195151144981786,0.7603752045025522
-0.13494417581195944,-1.0874739083733367
0.4385044880856498,-1.6715336703564683
-1.645161519317171,0.29098038665187587
0.42217655640464646,-0.1924298017962356
-0.05199078908020035,-1.2552119383609115
0.5870978645048757,-0.22089759961292468
-0.5901707245147929,1.579110830481318
0.3731896629499773,0.8276365420939971
-0.5062317427862149,-0.11882143462263162
0.5756665111577016,-1.4813975906642127
0.39001353033023994,0.43830035242739784
0.5967092424727638,-1.5385346506510682
-1.1474976042505087,1.1319003999343933
-0.4411126641035412,-0.2573508962775629
-0.21518260169119136,-0.7947218112298822
0.17118537496652242,-1.5298402926333292
0.3385870895073363,0.5122834278072863
-1.6695264164368415,0.42691670266020915
-1.184953745144593,1.2308749508000822
-0.010419378524234666,-1.28010990061191
0.6274388032627669,-1.6942826503353339
1.4729261689824804,-0.7655209358702736
1.5586691324245,-0.3291035589019955
1.7066925533585595,0.20232991973747036
-0.2693873806265164,-0.9197837897831599
-1.7170113333833585,0.1884880706764814
-0.734835547305292,1.2362505179863967
0.44606000632156556,-1.5000744016881276
0.27443379881095675,0.9313027106404486
-0.33945893060421145,-0.5441077505812761
-0.23068563736980713,-0.6414921632594712
0.7295806014241321,-1.6339553317070543
0.5408342681837227,-0.12612592728502212
1.4284960267085984,-0.6349355233677652
-0.5670952549855338,1.5280550353128124
0.7278682290667662,-1.4147362308360998
1.6615501297307809,-0.09638211520285436
-0.5718496426234446,-0.11814069518682814
-0.6222932778360012,0.47398348184135836
-0.29298800468106606,1.2485150235529698
-1.7306000917777145,-0.33085320928948164
-1.3210094618071009,1.0964787524093222
-1.6595131316547285,0.46866220154657173
0.13823662882806148,-1.477555398891948
-1.7009294715949468,-0.0022970940275573314
-0.4912209340391052,-0.11143995318984766
1.6331395576462264,-0.4138312673080174
-0.5753327226612304,0.5431429257018925
-0.2346598628253676,1.4375006429635162
-0.036003418659871764,-1.1962077360307168
-1.1701832229721334,1.0334215420590591
0.5425243045284722,-1.4531363265794577
-1.1043200673091975,1.0390298120131425
0.5282459645068003,0.35130990038421306
0.48692889885694596,0.1870892446227141
0.6232150217828369,0.28128395484246427
0.02093513130752753,1.0072742254124376
1.7419720170056114,0.4166595211870286
-0.530837096144782,1.5469628138062157
-0.06726294439701606,-1.0342839264145678
1.6131895392682443,-0.2819841162955923
-0.6064188878497142,-0.116679320341316
1.138745172047853,-1.4168623937022575
0.5954710730494742,-0.4725957350801377
0.9095542014354662,-1.3992772202004555
-0.19609608309056512,1.5367000523167347
-1.5777228389149758,0.6918075001296979
-1.5193593820267093,0.5667196350848446
-0.6024263798763477,1.3107329045614124
0.44230498116302547,0.605469122110871
-1.70380203099898,-0.2783985135010317
0.09453965451779127,-1.2143888737291204
0.37943365503537035,0.6652803555113929
-0.33792288013235217,-0.6398011366307867
1.6144299224024516,-0.4628498110794273
-0.41862490616464826,-0.08977350407074
0.014743872231428907,-1.1119223744592674
1.5933663772157216,-0.1320734241155819
-0.5703744934758019,0.3672840403087734
-0.11919372359707103,-1.2040843653374231
-0.34272074051170714,-0.8105058349813203
1.4706024269946443,-0.8527413481884931
0.5444464456218149,-0.5264610700575533
-6.542627946854391e-05,1.2023716581695492
0.6640716350810494,-1.593807901169513
-1.3205030860781075,1.0249340585073048
-0.502832545843066,0.24561237069531838
-1.7742261763761529,-0.5400426694966837
-0.28828179418053357,1.468918605445737
-0.3521652333252472,1.51767375780946
-1.105917454470872,1.2828842457396445
0.2543829040019347,0.8422307846061662
-1.2827656915403565,0.9834445994417357
-0.31082027926176353,1.2519656390022924
-1.4407777774048451,0.8730131562096756
-1.482702958096464,0.7135507823148362
-0.616471934631948,1.5557863280456694
0.10871067113000464,1.2256719852158622
-1.4414292364359595,1.0245863854377784
1.537789256577062,-0.11151192274811604
0.4301520625869402,0.7234082863342777
0.41164950212464124,0.4313752538436255
-0.1477879010308943,1.3323089869401794
0.3437717047232948,0.4327423546710254
-1.6977577527787497,-0.04541780802257173
-0.4151634321926848,1.5666923468363931
-1.551795531952966,0.5663354722210978
1.1000656996412743,-1.2915816148154318
0.7626502860994961,-1.4404284312219153
-1.6555525346702393,0.3850604057631084
0.16941407078563148,1.127633555888359
-0.375510104248623,-0.7432121458475577
-1.5303166365725764,0.9048616548591076
0.20835117525797403,-1.3639033012569268
0.620935500587548,-0.08060840604679802
-1.3038277233616666,1.1596858291940482
-0.17821768168135763,-1.0832664084869215
-1.6242570931195206,-0.3147972435821333
-0.07643546080446369,-1.0433739361190895
0.9122747378179499,-1.3490619220032687
0.49554558137473786,-0.14881518053541806
-1.5833411956777996,0.05081566410729973
-0.5089713108753776,-0.4519312054093676
-0.6345470389011135,1.6492525993745268
-0.21584686915513826,-0.8480139906520002
-0.1977606428957784,1.3737532105299572
-1.6768201058580354,0.3545671718602024
1.5898049505438094,-0.3266380177460296
-0.23475179809410293,-1.2832661696785224
0.7416943693596849,-1.4757684259313064
0.19193183646595577,-1.4533914351315353
-1.4138966180375665,1.0011563136677506
1.6377420073510334,0.42140307434841917
-0.06546962998611494,1.2161355370055198
-0.3166189145306269,-0.6500541630687547
-1.4225064032712311,0.9067420705520385
-1.3457857878704371,1.0551209092712102
-1.6778863433004303,0.24836914827359505
-0.42626262236541285,-0.42442669015084444
-1.7156417726711042,0.024116485485804123
1.483824440139133,-0.5379229330927487
0.09898629142465347,1.215867230442664
-0.7275908406246673,1.4577149030368566
0.9561934998749191,-1.3694850030233516
1.4838574469397647,-0.8094634768038714
1.079454375767408,-1.3335360791798887
-0.9126221367472472,1.4813277338711273
1.5231311712839493,-0.6759975627297896
-0.16454525115118193,1.3411826576155306
1.6922034716323584,-0.2514255424400951
-0.019944297305455442,1.373701853265733
0.10127416985008758,0.9840348541444893
-0.4217030277953874,-0.6954315380856827
1.0506175932271045,-1.42099532773422
-0.5224757974426191,-0.4862602099316271
-0.4384791116743244,-0.14726532580629506
-0.4044027216402684,-0.40320939781082527
1.472967002213131,-0.7205023279560249
0.41688471295663404,-1.457235761251939
1.4449360323019058,-0.8677266520884315
1.7312692558032987,0.47205144177348574
1.116717432449863,-1.1523359132593167
-0.07340339014761349,1.2635755191348832
0.21599370104024912,0.9890421004725393
0.09283091196962169,-1.1953553678552653
0.8724330313687972,-1.2574346795420646
1.3375886247357196,-0.8915085472915166
-0.9320424503431087,1.4218733949865576
0.0319733669988946,-1.030637328924907
-0.14078801944048686,-0.8878911790349199
0.24380047633191654,-1.3841878355782071
0.7734297458916992,-1.3036258888558723
-1.446940744087749,0.7736005827615836
0.39436809545846396,0.7607612143133445
-0.583265329263783,0.12136903706048419
-0.566729909939242,0.470629909321834
-0.5056677155354409,-0.4048395223519005
0.4162180509186593,-1.5046170155228744
0.0820398929354592,-1.2220074901431275
1.6685159109480248,-0.06062593574481261
0.5405308210233206,-0.1260637416088295
-0.8952458203757283,1.5122502017822352
1.0277038323913195,-1.3768535020894463
1.7449209898656168,-0.06868552482270938
1.3591251515847906,-1.1909686381996043
1.3392602257732773,-0.951229613147858
0.30906584029654177,0.7934176335871481
-0.09958787053985405,1.5269582884765107
0.16508367413284178,0.8538612312472136
1.2390957634322897,-1.3655497881186942
1.1189473094862223,-1.176426209859743
0.16536985737306076,1.0008977028378134
-0.7936888064347983,1.4888208346167013
0.31944502117723367,0.8813219065348356
-1.7065881248941746,-0.3230951111116126
-1.5474981112734258,0.357362860622558
0.41532642931612257,0.5986998013124951
1.7438292517739185,-0.08319687530296545
0.1425007548750868,-1.4433279593887147
0.43908884896897443,-1.5008629562010278
-0.2883521581047164,1.4714371909685149
0.36539659574036293,0.5797518910233133
-0.21428125085689007,-0.8122507130445384
-0.3279468867199253,1.398858318659438
-0.8840824944691521,1.4116245281515152
1.002413002812204,-1.3448338713451458
-0.16344542538916249,1.3824675674479223
-1.2633162006595617,1.0426755991482735
1.5297823674236064,-0.7253380087966298
0.10382230489873857,1.057399375638612
-1.741525697338045,-0.04441901842925771
1.1131332440474018,-1.1845160925579143
-1.6093865956010327,0.708312624704176
-1.7328030565307084,-0.22624776360410734
-0.4421512782462307,1.4699084039686439
-0.49561201656584164,1.4736915030823792
1.100624945920652,-1.1373339740578143
-0.6677514934117835,1.5754853392475183
0.2893645146201862,0.9584597161851711
-0.47170089625711276,0.042995663399185674
0.2940128240610806,0.5805099205343192
0.4809622273364267,0.15926718949310062
-0.6160400549941267,1.678356175339791
-0.6098730760845289,1.3890701945950201
0.6090920532233656,0.1133909568865926
-0.7650068863464367,1.360692572477525
-1.7284312896810305,0.14001952459928055
1.4664502288285055,-0.790998179034494
0.4447631961902402,0.4635349597722582
-0.5138655497165024,1.540626038385963
-0.5583606950383415,1.5402693522165047
-0.31903520925918794,-0.7568621675402344
1.4128465739836247,-0.9084321008030053
0.5657638570312526,-0.06613485321037973
0.017567125491485265,1.1130138662420257
1.1532510014093107,-1.161905710578879
1.5654623814858326,-0.4741009814917144
0.1067620033024004,-1.3816958925921328
-0.21730030732819405,-0.7565826292184766
-0.9185499509295381,1.439604871985552
-1.5542931588125604,0.5760594843320047
-1.540262596600469,0.5522602781839724
0.5378302755235304,-0.273715984448116
-0.2614348178550222,1.6540352632250814
-0.09442639067490696,1.4047775437099295
0.8782948533223056,-1.764322708883537
-0.46438586697411705,-0.09670917992409955
-1.425276416390143,0.9599094740842814
0.39632405689605854,-1.4623687575537556
0.34806552196942,0.5329618569689539
-1.6996808253962408,-0.42282849770629116
-1.1910241587133255,1.352756164498685
1.0013276977367978,-1.3607379030156088
-1.3349173462964878,1.1730483539489756
-0.48021533527285953,-1.0003843489080644
-1.8028321359698698,-0.12354420098365258
-0.6866501298960432,1.6504343576805878
-0.5889008602075523,-0.299025223770744
0.9072483143451285,-1.4493467487000782
-0.4304672563093242,1.4049890799800353
1.2696278575910924,-1.0204299813643614
1.0985505981336419,-1.424777409346167
0.12119385222880627,-1.3101250749225872
-1.486076266722765,0.7470886662639491
-0.24602446527074626,-0.9141934065053593
-0.2657016031437672,1.4841573166620743
1.592353574537376,-0.6756336127605793
-0.13354949242992897,1.2916842704950844
-0.3714737559679606,-0.5974258630207195
-1.609133640839584,0.2614448000196538
1.6267629746233576,0.4287400319071363
1.1517246673443333,-1.3709452822116903
-0.5176786658969935,1.6661826114697411
-0.18763496463766166,-0.7631710843754322
0.4613248965604939,-1.430593569481856
0.553579793955233,-1.5460144938993208
0.3258402576938511,-1.3792314608371903
-0.5971543944116999,0.2138606874517419
0.14859779005232426,0.8854311009023312
0.12507348293388815,-1.351231929204778
-1.761299932910254,-0.37642482322116266
-1.2356603460102502,1.1584489153204875
-1.5993954262868233,0.35215971647070715
0.6276106531772757,-0.26344473265678275
-0.15833117895367255,-1.0448083649236526
-1.7175622649846165,-0.2285812617753904
-0.5715132549394853,0.00018610683518272827
0.321005928081732,-1.3995623496727883
1.4120929983314008,-0.8024970529303919
0.24313172470799277,0.49621552399328434
0.3079776535022276,0.6917745160427269
0.38985797583168547,0.6458015760556589
1.601235186243404,-0.37915453804134785
0.5463345150556614,0.29560276112636796
-1.67280870877324,-0.16050292760981522
1.0753914357638683,-1.2210163098236804
1.210089609173388,-0.9491628709391273
0.7271530370629242,-1.6621652962548161
0.45651298717757066,0.16721395298813643
0.37402429207057986,-1.350584222957399
-0.30987818356973584,1.442621462885646
-0.6003834124190286,0.2760122138452008
1.5762602351051282,-0.13659882812325924
0.45036463061247733,0.4645553421788939
1.677081736368437,-0.3454484639356332
0.10309054866368984,1.1930710649105627
-0.5840941670593807,0.5314491834805082
-0.6103946424692294,0.4228980574415382
1.5488446791331163,-0.5350517996942092
1.4752456069143145,-1.0002037680157492
1.2747339764030945,-0.9895144252452361
-1.239397034589899,1.1443834271265594
-0.2641516531906221,-1.1586965622114465
-0.44386375721154775,-0.5111517417333012
1.2437866647892126,-1.1405644409162865
-1.4714638210765456,0.7324528174733166
1.3353856094106402,-0.9068004273707123
1.5537879483935322,-0.6821186226574395
0.25518335534747716,1.152922528006753
0.49230257072966715,-0.17456520882730223
-0.5842443351498813,0.22936451841486202
0.23318227904507358,-1.388385616207075
-0.029012789286957785,1.3433165852462765
0.4967780131735168,0.20142131846114594
-0.12050233242799863,1.4760638764153082
0.9973013392152251,-1.3750629535907177
1.706689945826303,0.36089444750557714
-0.43106230499359244,-0.27442600881785945
0.5087157208397716,0.36417722769526145
1.7135962368376154,0.4226434983730848
1.7811175467994267,0.10667362876120823
-0.9894650046328193,1.4650658574105482
-0.7934661961784462,1.5130590429084179
0.6282532145757023,-0.05551009987041197
-0.12305845346830656,-1.1867876148462113
1.4057773594585243,-1.243434648072571
-1.7724579854884255,-0.23168719273792496
-0.8034094149009644,1.438349781602896
-1.5656604732869586,0.47289869428959125
1.7167829359981324,0.283239080095572
1.676513880907283,0.6588221808207372
0.23947903650614716,0.7129062826862823
-1.7003162563908532,-0.12579758180575212
1.7199369529894766,-0.32289292689527227
-0.2611036573143149,1.4646870380250372
-0.4322548606478789,-0.47290634225263145
-0.03015390581264552,1.4687014721446672
-1.391215945960713,0.9256533119890875
-0.5599032502513709,0.12043408444548072
-1.7423229925884451,-0.5760402527629168
-0.48640407651069045,0.16413490038329567
-0.5461342308643713,1.5515455707609807
-0.33128645989291944,1.3986479935284037
0.3388862747275703,-1.6551704424246547
1.7248211520838637,0.029971541665751663
-1.762105718909142,-0.5525329846577823
0.5352327847143339,-0.24677811838200314
0.43358335612838605,0.48396391858049137
1.2237547625273413,-1.0258587879256635
1.8004663221229058,0.3740529787707187
-0.6539973154690691,-0.2082134327161308
0.3495356754027574,0.8104293429880276
1.6202798519721737,-0.5326686636769153
-1.377600991569408,1.1058665005429749
-1.441285062412246,0.7845581129742684
0.757686884813805,-1.407794815985287
1.1046213003635594,-1.2704340733761241
0.43418811042254046,0.3700335053095925
1.2730440238997454,-1.0381182432077847
-0.6054085056078009,0.1347790786570544
0.30083825572499023,0.6653513662964218
-0.22780691993065003,-1.0700551763633839
1.6918710024825996,0.210289005736801
-1.265961387243314,1.168380542979419
-1.1319607451367526,1.0778938862979075
1.4085140232439202,-0.7965594128518345
-1.7591745087863901,-0.4424506460006854
-0.5832900299346098,0.08136081930721306
-0.3375386748655714,1.4234311597414837
-0.43872140386542846,-0.03890396857427892
-0.551764454458769,0.1261670621501724
-1.7663983577427707,-0.08657787570980716
0.17461837246646703,0.8118768454471704
-0.35401623620001266,-0.1600608084895033
1.4630790892987366,-0.7161184111049048
0.20165727151653776,-1.4413966001005962
-0.46391082506664366,-0.27730785907831207
-0.6882916233194022,0.46576860089016353
-1.0022175171698209,1.393460953200114
0.5351668012474969,-0.030755060629726428
-1.0725390906947145,1.3871317737666344
-0.4078219515797793,-0.7607564210720646
1.579322547124914,-0.19207094339341022
1.7041535664509408,0.34493255816930835
-0.49572911628261,1.4781869698439454
-1.3486447127161674,0.9516013269397936
-0.2262112783185254,1.430065413510239
-0.49455157969598207,1.5889648485458905
-0.28130774585983814,-0.6313246541011492
0.48791173371232727,-1.5170405216492138
-0.047983524011470435,-1.4154049450906534
1.602215643022056,0.20241858431546342
0.6067343285241916,-1.4788315124955378
0.2715864137255649,0.7079578497979062
0.5539514384241165,-0.35086327430947595
0.8459659303752202,-1.5996413541223409
0.34600768695245815,-1.340153551274084
1.615922941436988,-0.5391071991654024
-0.4664324219913785,-0.21633757887750552
0.49307938134084917,0.2697860166610811
-0.029078277152817474,-1.158799310102177
1.8108110839955343,0.1450900617469029
0.6128169401457356,-0.12224095259089758
0.15569973551310942,-1.3188442872433526
-0.6798765498440907,-0.028257670235082254
0.3171455821118911,0.6846431377465514
1.027671857646243,-1.2222048975762303
1.721663579838106,-0.22034063822245595
-1.2548107508497668,1.1006438335960615
-1.5489202408098381,0.8881519580974339
-1.4332441078380718,0.9190567132941507
0.3070045006827754,-1.6101859141248809
-1.7015328937660665,-0.1410063830206262
-0.5747548925733207,0.3326098173125427
-0.9650823793544218,1.246338861439873
-0.4892674493637066,-0.12726520258750235
0.3987100704245496,0.5569960421137276
0.5692676086076361,-1.4251735840952575
-0.705413380575777,1.5385926386116267
0.11804955234678231,1.122529093237146
0.3426764682353444,-1.4957219711650718
-0.8345516892418423,1.2416136014177028
-0.053290015789702924,-1.3097342775706786
1.4574884265505197,-0.8885277290676584
0.48514013484307117,0.20922016767304066
-0.601481656838849,0.006983780079246053
-0.06956923024478584,1.4502779369918941
0.7243507071055795,-1.3757817554461718
1.5964381544562334,-0.4644993698246393
0.9236656392115938,-1.3189555250149343
-0.022832402015246226,1.29276481625615
0.41425885972898185,0.5557709413352362
-1.3305978949010275,1.0235433860195666
1.450049425062583,-1.1331290095972182
1.746928276982767,0.3119348818238793
0.5855069385344585,-0.5744971080825261
-0.2957861465039876,-0.7920065566135147
-1.3659648648571985,0.9180420142829765
0.5721134212107937,-0.21975164797124447
-1.6863274277412599,-0.132029655962667
1.4065765533967092,-1.0620039456812773
-1.2042980125265381,1.4123222994286475
-1.668630249773911,0.29602642311508814
-0.0829874323279447,-1.1038893333324147
-0.005466924509136904,-1.1889111550872271
1.703143253496297,0.009743295670731665
-0.05173494399152557,-1.1931484424206165
0.3247261635747011,-1.5401285310342634
-0.4689262529830367,1.387930514392978
0.5809517769961685,-0.37903972382631174
-0.11264434051412472,1.3647811633124092
0.5050937576130766,-0.4087603604821427
-0.4305010480679937,0.07553717950504689
-1.6736705351078025,-0.1606980306282672
-1.7617295596309777,-0.3984944837198381
0.06261042288472952,-1.1744570898411353
-0.6381110508359548,1.465567424773069
0.5228373787417626,-1.5622535457986115
-1.4684090553181564,0.5939146530186622
-0.49856563506176693,-0.5763217408622373
1.646428570810938,0.14616110188900036
-1.613977582440218,0.5657861500448461
1.0637457178200045,-1.2065949644023666
-0.12528141310581564,-1.122653504050201
1.6796317233552034,-0.30183717667092447
1.369267622614204,-1.049394589742843
-0.8511227748518044,1.5840268520916763
1.3763395618629022,-1.005848149263
0.3107901274577934,-1.430225178286481
-0.6601365010022826,1.6523080972677129
-1.218535339660179,1.327790728283681
0.42770014341911855,0.30721102949171175
-0.687361481682604,1.6247928228815665
1.0995311209255916,-1.3223229714323004
-0.00545790023447498,1.2468831157205689
-0.45912952717772043,-0.3227193071400615
0.551701103940646,-1.3910787904677677
1.7138298997060561,0.1417818015582164
-1.3590522376196783,0.8426525497133103
0.6368737072543218,0.19049410940595587
0.5194219064205543,-1.4402688908182235
-1.4776463517597502,0.6636893019812315
-1.8164102993607776,-0.09309755780264135
-1.7421930282081057,-0.22485321022366384
0.9087070786626307,-1.2795328518769824
-0.12020809885203232,1.2990387115741198
0.24517741503719148,0.7234337749090582
0.07646093360304178,0.9645669364780606
0.36444237687958075,0.689329243530317
-1.472784659834103,0.6920917140894803
0.33341125452473985,0.8965034412815969
0.514232795468966,-0.07142680926165251
-1.6512630571422875,-0.04261345162910936
0.24658144765753753,-1.438823196638744
-0.4994133369396685,1.4492122029015522
1.2012143340707484,-1.1421718509645304
-1.1916227200041454,1.182061981985205
0.7838781856946132,-1.5900884408107567
0.2649253617478516,-1.3806519962725496
-0.8947262929738058,1.4699327355236227
-1.346862343189855,0.8820316490539403
-1.2588514880994832,0.9039114366444905
-0.30673278520944136,1.5443336168616415
-0.30183999801324074,1.3836256339226105
0.06512646700293243,-1.2703032003535195
-1.1159509931984892,1.3046978762326935
1.20304496783516,-1.305310880260313
0.4995847294408374,0.45992135835949266
1.2210961547426908,-1.1337824189080137
-1.4065817278823651,0.6614185629476107
-0.5357704478209888,-0.5496086792283533
1.5514106352026,-0.575252069755896
1.7544653737792981,-0.20172636770753585
0.7634882462152629,-1.2657373183680967
1.6891747148161251,0.05314306292266251
1.5797782000368055,-0.5392536296144521
0.5504518719473738,-1.5377078056386067
0.05017982040878267,-1.3068303278925328
-0.09495539619027751,1.2837758425308559
0.7388003943696242,-1.5302246914020894
0.5275215882476353,-1.677924434500284
-0.9689928152642299,1.4109489906301078
-1.5881325778739033,0.4014783296108752
-0.9158523426946112,1.407307192184118
-0.048962873703383064,1.3020281164704006
-0.4174175046249044,-0.42167606002003866
0.3294420457010113,0.4644847108525388
0.8243258179661719,-1.4755717708844378
1.590432174972966,-0.3916731809560669
1.3056626279922798,-1.0394461324988953
-1.5905757124497246,0.20066419968251858
0.4612191783294015,-0.37568773710651043
0.5128213737723053,-0.22777563528945247
1.771293056365306,0.43079429082303394
-0.14204952146418007,1.3064623280539942
-0.6755544525269773,1.436527466068855
0.31980895452915303,0.5904792631558586
-0.05972478629839721,-1.0652158123812867
0.42750512462800966,-0.25134102871434283
0.07450646072764211,-1.4329033395247623
-0.2759905080070911,1.5254596954672637
0.18076143074898635,-1.562872885958397
0.9059007494084304,-1.4526182769126657
-1.7508743435798293,-0.3778633693038385
-0.4400011935206603,0.1402318663574783
0.024517520021548035,-0.945732860155022
0.5139577241500584,-1.5353996763277402
-0.31875251056684006,-0.9140290425296473
-1.3920423803317168,1.0278334677489562
0.11573167043022473,-1.54314323342093
0.6366351531149662,0.37906361384714404
0.3667438419197986,0.785118990107957
-1.3378599281066832,1.1176529490097844
1.6247166547639695,-0.5830219446754602
0.03958636598096888,-0.9838554086329667
1.707839055029855,0.5751757674292286
-0.9270317300877211,1.3707566616696398
-1.654607395860162,0.38076967930179734
1.4890874659866993,-0.6768017603798219
0.10080497470323695,1.0967441554348234
0.20437337455756288,-1.4054782199625369
0.9041143265440835,-1.517321992112474
-0.9019766152867876,1.4202092877487258
1.7682602861147931,-0.14966912780944783
1.7869202474379098,0.2153378383445734
0.5385980181748492,0.06727029311013531
-1.676312902667868,0.12849197838414148
1.4047324756661277,-0.7763293632141681
-0.6426779243995553,0.5386580789180748
0.3994859117329078,-1.463117385582167
-0.3229605598512536,1.454003427136734
1.6815609606274917,0.23146060880407052
-1.5362369913600384,0.821222356845295
1.1903605252284697,-1.3505969732510703
1.405727020646099,-0.7873203633783752
1.0020563047701492,-1.5112651207555625
-1.232851401301795,1.0921191894825522
0.4657074233956868,0.329786496081484
-1.145964609932948,1.2674807354819146
-0.1670753272717679,-1.1841928490763343
-1.2899581316532878,0.9666517038414234
1.3560744047283206,-1.2230611844495707
0.0460369891089349,-1.18598519405656
-0.5104317751728729,-0.07517755264755521
-0.4633378118837491,-0.5132110697627998
-1.7180920820575323,0.1390077000014294
-0.06343906586045657,1.372400259695605
1.3468641861529917,-0.95826592610802
0.015563070702481144,-1.3270772280382195
1.6362480853543258,-0.19366704366203538
0.16597858866486465,1.1302794193100325
0.7518102914669339,-1.575422292888709
1.6304493168268643,0.5420935495448111
-0.9192388433531038,1.3879480140773672
-1.7038144407914733,-0.3068154018513433
-0.3726001577224174,-0.4904462213530673
-0.9647604696469414,1.291281930295312
-1.7065140202097673,0.1404814900670782
1.6153211007084207,-0.5448097028388229
-0.3176358050096397,-1.1116029421403406
-1.588485384002299,0.18142201229695623
-0.8049449640833919,1.3422323083277576
-1.5750612262827468,0.6628468340280527
-0.6273167804774487,0.3142741355068559
0.2138282017926656,0.855706196145632
-1.6464058183616472,0.2710996717229607
-0.02339354553066623,1.14941770785838
-1.4723420252453432,0.6231850802844727
1.4799126188614022,-0.9263498783550242
-1.2002651911748468,1.3059448423471267
-0.6725937326139408,1.3256855382825363
1.7506440419557747,-0.05669287915960496
0.045316559785215156,-1.3553343679507261
-0.246153855260349,1.336423712586541
0.3143738792111732,0.5449338354306402
0.5470217051378443,-0.3904470039974534
0.10703988347895328,-1.571839835480111
-0.2966696585669152,-0.874119770499814
-0.0577586739029399,1.4168825939598653
0.5043696795584094,-0.11668521728431926
1.638350275133151,-0.11213371563443002
-0.6691959689618853,0.45423709667136014
-0.554911754283799,-0.013423948672423887
-1.0184788975712278,1.5646493596788142
-1.6664922256984256,-0.2396016311252006
0.5214413694597038,-0.01837902779124328
0.5425968786274645,-1.5502335139970704
0.13578868491790974,0.939060496893971
0.8754253622981703,-1.3331138764398982
0.39655077893500784,0.21734845337609945
-0.7024781055241134,1.5809754934584552
-0.9007474447996625,1.3253675890407595
-1.6412375983089127,0.2109897215411695
0.1333018596942177,1.2857348383337888
0.5728360657237678,-0.33756669165027603
-0.8340610313612915,1.4935829214393355
-0.775140219104058,1.4362566105492651
1.3337606102706594,-1.3398881056620997
0.41656095849517016,0.2594874147571025
1.6527020280864917,-0.13268891204192243
0.8187657217082883,-1.7203927830003507
-0.4603737881895517,-0.6454078457748509
-0.18231004628607891,1.1889976785682492
-0.84354181883699,1.5850858589162655
1.733051154188971,-0.07957536443139575
-0.4852341154958123,1.6428019153718885
0.4700023836530595,0.14760158642643645
1.185530710351229,-1.2062714954558824
-0.48814095267310376,-0.2779724636036933
-1.102633682208995,1.4793947495613906
0.8259740712059169,-1.4909732918205545
0.05716112142149045,1.1141652725009552
-0.5545271750708598,-0.572846067079083
0.43290614107577746,0.4700635563478869
0.2933991099565852,0.545130511331863
-0.5508383789403601,1.456330362577475
0.4406527325209296,0.15195638792868005
0.39495679723167404,0.5019195306089432
0.4710006429986547,0.19581931260045182
-1.4452612101550673,0.9362998858507569
1.4326485534082671,-0.7397919934318823
0.2785147610148609,0.770492349525944
0.031143801072736624,-1.327423367786865
-0.6174918992499054,1.4615211396849968
0.9152873335621601,-1.365680561204972
-1.1399788152839958,1.1904187567843427
-0.4251620133996571,1.495197983280231
1.451229472041914,-1.0186206526232957
-1.0669631717142567,1.3312357107781634
0.4974302446783186,-1.381875132721274
0.5708179338758398,-0.2946112842185542
1.7229110321292223,0.16826706745408337
0.5499363096773023,-0.14076019627922787
-0.33896484674589306,-0.6178531492522403
1.6819266019921832,0.015634590860908102
-1.753139260137574,-0.4368085429246967
-0.6411152048621325,0.34357177302285674
-0.43548256157284543,0.2753683702733543
-0.6447396929802576,1.6443865413791703
0.5263600858589103,-0.034790344449543154
1.5305737875783727,-0.5928847880216149
0.09661266874513676,1.2448920408436113
1.118303682173255,-1.3706017880923367
0.7372498106355901,-1.3526878335749424
0.9605940420031989,-1.542179993083315
-1.709175358952644,-0.06453327652828374
0.5902206227725637,0.04470475205345966
0.47520270790061514,0.034523610540901965
0.5758416962207419,0.2685363131846985
1.6189240029167318,-0.17551306382244813
-1.3146876627769395,1.1978129251055138
-0.5647503932021977,0.2366506301153937
-0.23771260292332105,1.1899596812091022
0.06021825519389122,1.2217327170226568
0.3315172484833591,-1.2102784567619125
0.5255003141472744,-1.4644475852103385
-1.0221326335736556,1.4505317092553824
0.6082274270193363,-1.6012381132518614
-0.5597747663567109,0.1099804593246322
0.4192863937036156,0.5776623362218928
-0.23890284052841426,1.155169208024611
-1.4324974786116984,0.8101040631500135
0.9594476398611902,-1.257838108840056
1.7980869285954972,0.3958355115962943
-1.026849303130248,1.2021825895128064
-1.715149062042228,0.2174777157371863
-1.6054697497690797,-0.027816288241958528
0.24278476086680656,0.8516033417694592
0.05916206491225178,1.230951865690289
-1.430720682342374,0.5739864355768877
0.3150706651373041,-1.519087040662101
0.5607788548191938,-0.3748605206366274
1.087701967031414,-1.2419716092853772
-0.7242625355072858,1.5505978346582525
-0.23744378355587556,1.2623996383624994
-1.5435643428982986,0.3156827112019014
-0.46134484283375937,-0.10202676759029465
-0.05667226652806938,1.2876386700995341
0.2875542399704928,-1.3779068997764632
0.053820700699309644,-1.3563904248542462
0.3602652821521081,-1.3713855856306798
-0.41253755170844475,-0.09278293322250243
0.5144374326565639,-0.2719973444772754
0.009669395654004197,-1.4810516161016642
0.10804049903846175,-1.4052567914154765
0.2867753764861982,0.8362081536406633
-1.4254067291403432,0.8947113298666823
-0.6404464979003365,1.4734346696625402
0.3922680697994359,0.4201999516178158
-1.238790072909512,1.1484211524132018
-1.6382194691085965,0.05860726256788702
0.9712206090185956,-1.3188748684115081
-1.2980804397903667,0.622901705654382
0.38501056908914316,0.7876248999143012
1.8603452958502038,-0.22089431135409668
-0.210805539628089,1.6113798785686877
0.37942206181713184,-1.392489739724242
1.658521900702104,-0.4186479655382408
-0.42183357681394285,1.4745935962599952
1.5873681240838928,-0.5991760556153356
-0.4500336202544865,1.477794763682972
-1.6889108035865357,0.01782249420980911
-1.1436517710407281,1.3987923531619515
-0.10194929878050969,-1.1650241159926138
1.7072575770784717,0.16563891996887087
0.09583638607729313,-1.3674266017531134
-1.2443230852210783,1.285741407383762
-0.4977380774251151,-0.5193890297814711
1.5865148338191046,-0.17688937978750358
0.1561815727288864,-1.35891963442494
-0.4682400885971747,1.4502518156568087
-0.05882260115596555,-1.2913510175761136
-0.922541836149366,1.350599446517488
-0.5823553380400758,0.242250349128146
0.9286947856901979,-1.5694073926982746
1.6899491554394088,0.09274238023051412
0.5671975268649996,-1.5182218163592704
0.5772065167611675,-0.4679744294941324
1.3953731419255433,-1.1351631466533108
0.17172223685167143,-1.6438908859531696
-0.3786105267618166,-0.480075388639428
-0.02660898170031561,-1.0920749520142503
-0.10229110059329803,-0.687620183925616
0.31886846628480414,0.7692689871958751
0.8039097149479293,-1.4040537186444784
-0.44712835959067165,-0.4009280540499053
-1.1696318561469135,1.2402476776055769
0.20429038750675438,-1.300614599690083
-0.12586000773515382,1.3019352973358875
0.5047063179830525,0.33991188041657794
1.479141073632587,-0.8936968567162159
1.3311841618160998,-1.0202104204914042
-0.6884659113622676,1.453047855760377
1.2372850033397027,-1.2605213365511239
0.5392316636129065,-0.2595098322023358
-1.596095939214153,0.4789629913646208
0.7348098855095266,-1.4919284683584833
0.874978844267452,-1.4932225144850748
-0.8740734502751422,1.2398805525439986
-1.2639150047685503,1.2304032304785884
-1.0464095963961786,1.3527571510206395
-0.24261418094002943,-1.0697936682264346
0.2990096851053407,0.671201172023509
-0.26996279901492964,-0.9519645765743235
0.4868302986487759,-1.5800001629397222
-0.38709531251290213,1.5883046283182383
-1.7335925939371948,-0.3628634702298472
0.6904526304360573,-1.5890340906182983
0.5454757286897696,-0.224352429220669
-0.03957938942497576,-1.2600841692238487
0.4582918570368211,0.519516616385212
-0.570837426515654,1.6251477579448343
1.2726706567993897,-1.1996915293014208
-0.02645773252821053,-1.2647833616450166
0.7952720410858258,-1.5086987368963725
-0.1893794836925933,1.398812825169553
-1.7959569257520478,-0.4022296653043285
-0.5891422403679317,0.11002791789381909
-1.6728903533020818,-0.028326686659578826
1.4729347261375938,-0.47712288995862695
-0.5149693580342117,0.35180927565710685
-1.3767499389172242,0.7502483010171752
0.2020942403030122,-1.5501616569494752
0.2331767431631833,1.0052889545168104
-0.4507444630749711,-0.6293442379448979
1.7072287914347495,0.15208032368425853
1.0329910166385474,-1.238569147688523
0.048385169934082685,-1.1877111653114478
-1.6447269493649375,0.17833594423695154
0.6620644822520393,-0.3365617415802842
0.019018126237497095,-1.2633802013745477
-1.3199099001540675,1.1012088616887907
-1.586021110084103,0.35084757421567125
1.0442210829859129,-1.1228021807501873
-1.6049868505416294,0.33326783391672865
0.6973571972978722,-1.4901482686511573
1.346954045262124,-0.899267505519819
1.6274194550961434,-0.1005110799165291
-1.6457729702407518,0.22126374519852526
-1.0629964492448887,1.24386290293932
1.1923428073430296,-1.1745164316581274
-1.0378863305182406,1.2021327022728876
-0.20548395810826814,-0.96306267418323
0.9250570445809688,-1.4374454504667518
-1.7271472859242454,0.041592110604092354
-1.4418381586981066,0.8507582749579554
-1.7344621828927471,-0.18825265134735522
-0.8206348459107176,1.3324053952778305
0.36480200847212496,-1.501095455674747
-0.20205947954062725,1.3704270141849246
0.25791107486642395,0.9402501925046914
0.341403632172738,0.6367563503557419
-0.35291323573101663,-0.35815260560098233
-0.46668191822799826,0.0007055638134869892
1.09244559815249,-1.2616840709532995
0.06816140939859898,1.2607104379588725
-0.6270446839179169,0.33551837582523175
-0.9633439428448237,1.3543702855130653
0.08854046525637282,1.27517503658509
1.1010253209666208,-1.436108301727167
-0.4965839951333302,0.13500353435956966
0.4447253960721988,-1.5823364050615782
0.44507670348753253,0.42093850608428646
-0.06415447979927663,1.417795089421189
-0.1702413645860462,1.344479363456502
1.3940823935101316,-1.029810439046616
-0.6903708254501694,1.3889879382610375
-0.08300763142943177,-1.2710648182966096
0.4858654220317937,0.36760148695106526
0.4285243286262049,0.6312945822676799
-1.0760487503063871,1.2998194708653243
-0.3767724825144628,-0.6040320208800081
-1.099580452428497,1.1966677642667976
1.5187390285139089,-0.7734260405563893
0.6446864746479255,0.3038797171254376
-0.7488362481483917,1.4098494957775587
-0.42490381514482883,-0.5220330956079289
1.1946877055605978,-1.2926032849788764
0.5749077451608117,-0.0181314168751632
0.48619799236632333,-1.3793242066211353
0.30296159479781165,1.092435294579087
0.32491578219874595,0.8398403140852385
0.5258506996897043,0.08502708119498202
0.32563264133184316,0.41087864000010876
-1.1623201556306288,1.2327909064632276
0.5655590046092814,0.226713811996799
-1.3566818550156152,0.9624357063734162
-1.6735377104235223,0.16355040790420397
-0.306990738776096,1.6095572225986376
-0.25334785541527527,-0.7399590129849061
1.3281265683181493,-1.0430137732419607
-1.0400964096867467,1.2983823434033384
-0.37408727919480017,-0.4514995204945588
-1.0091628395263879,1.295359326465458
1.407912591886291,-0.879359344148886
-1.7246666996780302,-0.1835810717676217
-0.2008366314843442,-1.0329753018030836
1.1838759053839534,-1.1602172279658725
0.024499389594264044,-1.154100520914058
-0.40274916716929643,-0.498769485727974
-0.561830922117833,0.45009648769893335
1.2272300187782903,-0.9765207967539478
-1.2131921619908301,1.2449059480320246
-0.5940145039222561,0.36250550220951494
-0.5358086767377102,0.504859984485438
-1.0136065903874452,1.4218749595125284
1.2986227949017255,-1.1592071364846632
-0.06526223283727525,-0.9536164452948093
-1.7461891108283585,-0.6111751009699088
-0.7951137489413224,1.3333722143713949
-1.800867210029269,-0.03196696564123334
-1.0943169237991035,1.3554438031737643
0.4353152480839411,0.15286932329593228
-0.576560913177015,-0.3144969731691995
-0.10364948817287742,1.2836663165186242
-1.66617008195134,0.014699740556969007
-0.11588219284109177,-1.0825363301858872
0.22598549397188342,0.8596199938443471
-1.5507077092405261,0.4215779854816792
-0.20318285609169237,-0.9927932970773024
-0.9618539266029948,1.4529775902114679
-1.47373565107974,0.9204668512913508
-1.008000534219275,1.3080083100309967
0.09354284481103951,1.2262482651988014
0.019652051350325453,1.3428168191190544
-0.295243800049546,-0.9092420776561554
1.7807294313847395,0.3430737272095515
-0.5346661068755292,-0.1444533894154948
0.9124657138534322,-1.4856986370495842
0.2586602478048349,-1.399708087012309
1.6858341247688535,0.44961429619898513
-1.8359968412426528,-0.2019509091976935
-0.4508900315668847,-0.5330826268935583
0.047167257658449056,0.9442337645310415
1.7103088720017223,0.3162402456944737
0.4406423211615756,0.7938775968361026
-0.6356627532172117,1.5946419249794137
-1.5938252678351348,0.5827820208132892
-0.08640402531692122,-1.0746468618977871
-0.34888255511246485,1.5335529444909157
1.7420042572330243,0.23009786381076214
-0.9159112346007402,1.4127046762041418
-0.41374912177564493,-0.8219291819457799
1.6655257613820154,-0.45233717634858217
-0.3285876420322571,1.2724104726154257
0.48667748346084383,-0.38846727994388663
-1.744476645334212,0.3647633923607637
-0.557655661412292,1.5102144038842498
-0.009054912065674593,-1.1915841862207353
1.1874072435817422,-1.171944000353914
1.3993419727666956,-0.963500837173123
-0.8024600267548552,1.2425381320630708
-0.21667432183916652,-1.12784084513388
-1.2122177593151782,1.0042277053329844
0.3944489728661161,0.6143164165872553
0.7806557717583863,-1.3492525581878405
1.5669880893141643,-0.5908799631827789
1.2697445820052227,-1.0816163677338908
0.3339024031804446,-1.1948922181759278
-0.4180777271374597,1.4253654037243044
-0.5385452384420688,0.005073614107795008
-0.3263192912749912,-0.4700594774989244
1.7925924499201813,0.13712704195622627
0.2896498484076055,0.8465513355952377
-0.732892365813959,1.3905768910708773
-0.8885633496704134,1.5679731388936686
-0.8084376196048523,1.4245450286732548
-0.4267129532225182,1.4157782169251787
0.5271231500023835,0.48873552197678805
1.5736318484361678,-0.6100721502058966
1.3560051558005872,-1.1249253988427295
-0.4184145991122697,1.4700649171811206
1.3528145360101231,-0.9718171012550755
0.37684485455706757,0.40534667233233285
0.6340882629158072,-1.3822194945042774
-0.1486822316452902,-1.032066863357345
0.40317544972842334,-1.4995772205917122
-0.5706987549755442,0.5792651297542861
-0.34319749201758704,-0.675673892330101
-0.5585083726394597,-0.061949282109478546
-0.5960400643795595,0.1726547883678304
-0.5258874229564561,-0.16925530693634655
-0.5311762781290236,0.13376916666632316
-0.9453845673491441,1.5670711828151658
-0.3843462280186986,0.10739314725720768
1.3290009629236448,-1.030185323955307
0.23455046462850943,-1.4626574287451475
-0.08421616630821412,-1.146948859322869
-1.1836931418374588,1.1955263901626807
-0.4969270619835297,-0.2225689422730288
-1.6445963784215925,-0.4429373715618765
0.3244754957273877,0.6712597789113693
-0.7952663255691723,1.6305492179958778
0.41775821764888854,0.45511312166682955
-1.2933300412960178,1.2467538026489884
1.6499227008368476,0.07694077291039024
-1.4294222021366612,0.7885311176431204
-0.43865666870475306,-0.8827757252232159
0.5761003688335804,-1.5091949746980982
0.2690212649376208,0.9264200957049455
-1.359086476681708,0.9072734637532142
-0.2851102525661807,-0.8806822761308434
0.05224399271023939,-1.3008995514796924
-1.2504448836966764,1.1187725993088895
-1.1702782311871034,1.1600991481818206
-0.6816496640057778,1.540397638129499
0.5336284911075959,-0.3957021630212822
-1.401459046340319,0.9079569292399894
1.7974782863362468,0.17471943901223694
-0.08613436803523791,-1.218513641781103
-0.5733844381599128,-0.5494445716878106
-0.8490825408425868,1.5488269505300603
-0.062499589015786505,-1.228795867345246
1.2612124122204438,-1.1644959478401649
1.5499319089900356,-0.5855468406202103
1.4942579504832603,-0.5559091031295256
1.6377902371934823,-0.1449658653307546
-1.4955544068532896,0.5236528799949627
1.0764267171969528,-1.4147958173698592
1.7158388706871068,-0.43281161882554586
0.40050408721649583,0.5950374988470409
0.8372418314369672,-1.5188810911325663
-0.11303151011290025,1.3552511498968436
0.5331065431126895,0.004169640746422653
0.5506830192241388,0.20406859044345366
1.5969057170634162,0.08982917007026968
1.2758755041903258,-1.0988132664343568
-1.392121949380243,1.0670937569803007
1.058847159883741,-1.2072666042643452
-0.6087147746430379,1.5641552277026074
-1.1921355808344718,1.0800668843107972
0.5459235662098021,-1.5785368209204718
-0.6115971539319651,0.49963871119138625
0.45520842357239044,-1.6517075764934392
-0.4070598660885331,-0.5693569527492357
-1.4451224711085349,0.8525818573642505
0.36954488155048504,-1.4916095150432336
1.322965731527672,-0.8686940431745303
-1.741326144963672,0.06212300548505984
0.01887594823071917,1.1282214105385922
1.6461290542420157,-0.5441611761252323
1.2028699099469935,-1.2684923539802104
-0.5093448049187022,0.015151910874270678
0.08293857745389195,-1.237279753206041
-0.26686965856437456,-0.8461481650227962
0.5200813984089515,-0.3287203361113617
-0.22162207500942838,-0.9168822027612765
0.6071948216153132,-1.4843840941041289
-1.5927396483554552,0.3821066136030476
0.5983729530398807,0.1573356969496602
-0.7768333257469493,1.4716655543459989
1.636247937477775,-0.6479728023741064
-0.318513745128089,-0.7220485911134843
-1.076787474585521,1.4060830210907322
-0.17558059604496218,-1.1659772821366736
0.07800785160167073,1.257825817972846
-0.5948239932756634,-0.1911935469127922
0.6664963561334051,-1.653024902041394
-0.4977921665705699,0.14577682626621477
-0.5793224500957015,0.35625543714841945
0.524023107709238,-0.3094585018541915
-1.32038335168046,0.8881848567337742
-0.27731876128043853,-0.7893183419212322
0.3454778385834174,0.8386388092183352
-0.2996278388160944,-0.9736456385515998
0.3991320865060887,0.39149878153001766
0.27337944497684785,-1.5623045287257462
-1.6697429504986419,-0.06315620173028996
0.25057742636089425,-1.3971819191335568
1.688498224516777,-0.1474681649089599
-0.20643936989052422,-0.9544889204832837
-0.18034024159544865,-1.0192597538430757
0.03559556674803494,1.2222536996226292
1.7023787349142696,-0.19664929125694738
1.4066992158031664,-0.9338529620260224
1.216117312397098,-1.1473917804282643
0.5309796866494707,-1.3895300620397857
0.3428160563431791,0.4372935427484267
-0.03140894076517493,-1.2012671889483624
0.9175494403582054,-1.4613735891054294
-0.1883472862633351,1.2637072474852757
0.5131344406378675,0.47777776291113133
1.5719699824326798,-0.11179410821400305
0.294217305460443,-1.296917932152186
-1.4914496953027436,0.6621235301325429
0.13658536632504292,-1.3622375873562316
0.5179619024281888,-1.4192078897848632
0.08472417451660985,-1.3219025172728391
-0.6017878907388132,0.44032016766795806
-0.37708226763525554,-0.525660241129801
-0.5223709400757657,0.15273908377180212
-0.8591550744832583,1.5158445726992604
0.07993695192671288,-1.4656403025854166
-1.6030303721035573,0.17881380575347605
0.8110315340595515,-1.4985299113904311
0.5367846570740216,-0.05370096840358501
1.2190353960981888,-1.3306340082811365
-0.4818748786199059,-0.07672794406067879
-0.4892509441823591,-0.1640543669925969
-1.6989295942195486,-0.2724926230635704
-0.1450709527636467,-1.0902810195308643
1.0467842775055576,-1.4196682664353966
-1.1775265852222832,1.2217197510724713
-1.8040725086636418,-0.41436821868239143
-0.4348284211319698,-0.22142625786052822
-1.2832006326958854,1.0407666567318266
0.3206826637886587,-1.6202208974185561
-0.3663227830925478,-0.4724220893179469
0.4034976794228819,0.4748845353050651
0.6259007820984314,-1.678455337343126
1.5128578056744972,-0.6430717453233856
0.09344401078400791,1.2125339630032599
1.4216765973046843,-0.8474968416854856
-1.7416071624938214,-0.34397595876438025
0.2992087100010885,-1.4967367973034276
-1.5883524952243793,0.4298411603221934
0.8751867516370858,-1.499443051416024
-0.46180129160057026,-0.7220003088009953
1.7266630628765747,0.23819704987802606
1.7147078226767694,0.43256905349653846
-0.5460858106861602,0.5324249509547879
-0.34070561593371196,-0.5874807967773754
1.4521840759746427,-0.7074703434708154
-1.7281755386112414,-0.20046304710918322
0.4431046804006002,0.36003210013839443
1.7580861978465654,0.5526407132933892
0.20397557363779212,0.9389143766645048
0.5725933510777457,-0.06499211662317123
0.547474446570913,-0.2565678709255001
0.14983142908070146,1.1504991173430703
-0.22168070063580878,1.317938819377423
0.5985083224061455,0.04539684738021255
0.43280233968216564,-1.4681512516017823
-0.939949241390466,1.342982908520411
1.4725997608419583,-0.5802634747798002
-0.5476921046996571,0.617425880273082
-1.759325778393751,0.02454169487040081
0.5997911189967384,-0.12583096649817568
-0.1941635549220768,-0.905702889266807
0.31891899705912136,-1.4397794461830555
0.1703935224542632,-1.3659807242758062
0.5887904927089571,-0.16471850181151634
0.5963695477496078,-0.5208230619397418
-0.5772344175799443,1.4614771342322503
0.3480348496971651,0.4103418115462962
-1.611117622546688,0.3039935968207082
1.0260804177883331,-1.5213802643121186
1.222233918725407,-1.1766277312468063
0.5789976268436179,-0.716242735972358
1.6867532071093596,-0.35077879716936883
0.014426699484030265,0.9383241649074163
-0.530137646302756,0.08646273164012902
-0.6660449377518634,0.478332624992179
-0.5256175047706748,-0.19410090004646124
-1.5174012182358154,0.5788899905280784
-0.6070135837104516,0.1756870974802559
-0.3486206839564009,-0.24398667598828805
1.6109169216824244,-0.4157095954126685
1.0131969959569933,-1.194375149200602
1.260121202973047,-1.2315674564727213
0.20863880065887044,1.0583900078064328
-1.4996626803634714,0.762288662835152
1.0186697287748852,-1.3001034855151352
-1.5785031069278939,0.5321611357868729
-1.4721878557536934,0.5795420601689516
0.12635784475325854,-1.4045874464970725
-1.2438696044599291,1.0968614520795976
0.643193815290641,-1.4388893149634614
0.5320119938207027,-1.53368083371404
0.11778917808192356,1.0620950249641492
-1.2254777485124844,1.3697727153006747
0.9543994715293997,-1.4358302382797705
-0.5573465450452916,0.46884011274186865
-0.6059165047264633,1.403849873422309
-0.7216093206762977,1.4831196289261643
1.5352794598532573,-0.7420202906223478
-1.5482657634518298,0.7104941721193557
